{"train/loss":0.04274940049275756,"train/loss_classification":0.0020454262942075727,"train/loss_contrastive":0.039978096911218015,"val/R@1":78.42565597667638,"train/loss_severity":0.007192251883680001,"val/cls_acc":98.39650392532349,"_runtime":32343,"lr":2.124561964716022e-06,"val/score":86.26421756334277,"val/I2T_R@1":81.92419825072886,"_timestamp":1.7774875522341058e+09,"epoch":18,"val/T2I_R@1":74.92711370262391,"_step":17,"val/sev_mae":10.190945625305176,"_wandb":{"runtime":32343},"logit_scale":2.9435274600982666,"val/loss":0.5130647549102473}