{"_step":20,"val/cls_acc":97.95918464660645,"val/score":86.03799223760822,"_runtime":37265,"epoch":21,"logit_scale":2.9569685459136963,"val/loss":0.5596991392762162,"train/loss_classification":0.0015044330060482024,"train/loss_severity":0.008837342857004842,"val/R@1":78.2798833819242,"_wandb":{"runtime":37265},"val/I2T_R@1":80.02915451895043,"val/sev_mae":10.366982460021973,"val/T2I_R@1":76.53061224489795,"train/loss_contrastive":0.03173655220773071,"lr":1.3250000000000013e-06,"_timestamp":1.7770567636815758e+09,"train/loss":0.03483908503316343}