train_loss,train_acc,val_loss,val_acc,val_f1,lr
1.2764485926317746,53.138888888888886,0.9773733145312259,74.5,0.7453789690724197,4.4000000000000006e-05
0.6381049694041528,85.5925925925926,0.4463088528106087,97.08333333333333,0.9707844835831406,8e-05
0.3945966842611866,98.54629629629629,0.3629096103341956,100.0,1.0,7.885220178832906e-05
0.35671437456763,99.92592592592592,0.3560274572748887,100.0,1.0,7.54755130133018e-05
0.3534031448632302,99.98148148148148,0.3548338977914107,100.0,1.0,7.00661745527585e-05
0.3520834491803096,99.99074074074075,0.35418896926076787,100.0,1.0,6.293855749588066e-05
0.3516807318086455,100.0,0.3538906056629984,100.0,1.0,5.450689303818016e-05
0.3513578070691351,99.99074074074075,0.3540820620561901,100.0,1.0,4.526119887008526e-05
0.351093693068747,100.0,0.35386160016059875,100.0,1.0,3.573880112991475e-05
